{
  "timestamp": "2025-09-28T11:27:29.673Z",
  "system": {
    "platform": "darwin",
    "arch": "arm64",
    "cpus": 8,
    "totalMemory": 8589934592,
    "hostname": "Prathams-MacBook-Air.local"
  },
  "samples": [
    {
      "timestamp": 1759058850679,
      "uptime": 680831,
      "memory": {
        "total": 8589934592,
        "used": 8505425920,
        "free": 84508672,
        "usagePercent": 99.01618957519531
      },
      "process": null,
      "cpu": {
        "usage": 26.774521517123308,
        "loadAverage": [
          2.111328125,
          1.8525390625,
          2.318359375
        ]
      },
      "network": {
        "interfaces": [
          "lo0",
          "en0",
          "awdl0",
          "llw0",
          "utun0",
          "utun1",
          "utun2",
          "utun3"
        ]
      },
      "disk": null
    },
    {
      "timestamp": 1759058851679,
      "uptime": 680832,
      "memory": {
        "total": 8589934592,
        "used": 8498069504,
        "free": 91865088,
        "usagePercent": 98.93054962158203
      },
      "process": null,
      "cpu": {
        "usage": 26.774382681589227,
        "loadAverage": [
          2.111328125,
          1.8525390625,
          2.318359375
        ]
      },
      "network": {
        "interfaces": [
          "lo0",
          "en0",
          "awdl0",
          "llw0",
          "utun0",
          "utun1",
          "utun2",
          "utun3"
        ]
      },
      "disk": null
    },
    {
      "timestamp": 1759058852680,
      "uptime": 680833,
      "memory": {
        "total": 8589934592,
        "used": 8470757376,
        "free": 119177216,
        "usagePercent": 98.61259460449219
      },
      "process": null,
      "cpu": {
        "usage": 26.77425303038235,
        "loadAverage": [
          2.50244140625,
          1.93798828125,
          2.345703125
        ]
      },
      "network": {
        "interfaces": [
          "lo0",
          "en0",
          "awdl0",
          "llw0",
          "utun0",
          "utun1",
          "utun2",
          "utun3"
        ]
      },
      "disk": null
    },
    {
      "timestamp": 1759058853682,
      "uptime": 680834,
      "memory": {
        "total": 8589934592,
        "used": 8364081152,
        "free": 225853440,
        "usagePercent": 97.37071990966797
      },
      "process": null,
      "cpu": {
        "usage": 26.77411277888328,
        "loadAverage": [
          2.50244140625,
          1.93798828125,
          2.345703125
        ]
      },
      "network": {
        "interfaces": [
          "lo0",
          "en0",
          "awdl0",
          "llw0",
          "utun0",
          "utun1",
          "utun2",
          "utun3"
        ]
      },
      "disk": null
    },
    {
      "timestamp": 1759058854682,
      "uptime": 680835,
      "memory": {
        "total": 8589934592,
        "used": 8410562560,
        "free": 179372032,
        "usagePercent": 97.91183471679688
      },
      "process": null,
      "cpu": {
        "usage": 26.773972893411337,
        "loadAverage": [
          2.50244140625,
          1.93798828125,
          2.345703125
        ]
      },
      "network": {
        "interfaces": [
          "lo0",
          "en0",
          "awdl0",
          "llw0",
          "utun0",
          "utun1",
          "utun2",
          "utun3"
        ]
      },
      "disk": null
    },
    {
      "timestamp": 1759058855683,
      "uptime": 680836,
      "memory": {
        "total": 8589934592,
        "used": 8368095232,
        "free": 221839360,
        "usagePercent": 97.41744995117188
      },
      "process": null,
      "cpu": {
        "usage": 26.7739308030234,
        "loadAverage": [
          2.50244140625,
          1.93798828125,
          2.345703125
        ]
      },
      "network": {
        "interfaces": [
          "lo0",
          "en0",
          "awdl0",
          "llw0",
          "utun0",
          "utun1",
          "utun2",
          "utun3"
        ]
      },
      "disk": null
    },
    {
      "timestamp": 1759058856684,
      "uptime": 680837,
      "memory": {
        "total": 8589934592,
        "used": 8402845696,
        "free": 187088896,
        "usagePercent": 97.8219985961914
      },
      "process": null,
      "cpu": {
        "usage": 26.773817622762873,
        "loadAverage": [
          2.50244140625,
          1.93798828125,
          2.345703125
        ]
      },
      "network": {
        "interfaces": [
          "lo0",
          "en0",
          "awdl0",
          "llw0",
          "utun0",
          "utun1",
          "utun2",
          "utun3"
        ]
      },
      "disk": null
    },
    {
      "timestamp": 1759058857685,
      "uptime": 680838,
      "memory": {
        "total": 8589934592,
        "used": 8444624896,
        "free": 145309696,
        "usagePercent": 98.3083724975586
      },
      "process": null,
      "cpu": {
        "usage": 26.773712701377605,
        "loadAverage": [
          2.3818359375,
          1.92236328125,
          2.33740234375
        ]
      },
      "network": {
        "interfaces": [
          "lo0",
          "en0",
          "awdl0",
          "llw0",
          "utun0",
          "utun1",
          "utun2",
          "utun3"
        ]
      },
      "disk": null
    },
    {
      "timestamp": 1759058858687,
      "uptime": 680839,
      "memory": {
        "total": 8589934592,
        "used": 8484159488,
        "free": 105775104,
        "usagePercent": 98.76861572265625
      },
      "process": null,
      "cpu": {
        "usage": 26.77373361323438,
        "loadAverage": [
          2.3818359375,
          1.92236328125,
          2.33740234375
        ]
      },
      "network": {
        "interfaces": [
          "lo0",
          "en0",
          "awdl0",
          "llw0",
          "utun0",
          "utun1",
          "utun2",
          "utun3"
        ]
      },
      "disk": null
    },
    {
      "timestamp": 1759058859688,
      "uptime": 680840,
      "memory": {
        "total": 8589934592,
        "used": 8500510720,
        "free": 89423872,
        "usagePercent": 98.95896911621094
      },
      "process": null,
      "cpu": {
        "usage": 26.77363079109683,
        "loadAverage": [
          2.3818359375,
          1.92236328125,
          2.33740234375
        ]
      },
      "network": {
        "interfaces": [
          "lo0",
          "en0",
          "awdl0",
          "llw0",
          "utun0",
          "utun1",
          "utun2",
          "utun3"
        ]
      },
      "disk": null
    },
    {
      "timestamp": 1759058860689,
      "uptime": 680841,
      "memory": {
        "total": 8589934592,
        "used": 8488091648,
        "free": 101842944,
        "usagePercent": 98.81439208984375
      },
      "process": null,
      "cpu": {
        "usage": 26.773651885227867,
        "loadAverage": [
          2.3818359375,
          1.92236328125,
          2.33740234375
        ]
      },
      "network": {
        "interfaces": [
          "lo0",
          "en0",
          "awdl0",
          "llw0",
          "utun0",
          "utun1",
          "utun2",
          "utun3"
        ]
      },
      "disk": null
    },
    {
      "timestamp": 1759058861690,
      "uptime": 680842,
      "memory": {
        "total": 8589934592,
        "used": 8515289088,
        "free": 74645504,
        "usagePercent": 99.13101196289062
      },
      "process": null,
      "cpu": {
        "usage": 26.77351627009894,
        "loadAverage": [
          2.3818359375,
          1.92236328125,
          2.33740234375
        ]
      },
      "network": {
        "interfaces": [
          "lo0",
          "en0",
          "awdl0",
          "llw0",
          "utun0",
          "utun1",
          "utun2",
          "utun3"
        ]
      },
      "disk": null
    },
    {
      "timestamp": 1759058862691,
      "uptime": 680843,